evaluation,split_id,repeat,fold,strategy,test_rows,mae,rmse,primary_fallback_percentage
repeated_random_cv,1,1,1.0,global_median,488,15.995901639344263,21.464228724883135,0.0
repeated_random_cv,1,1,1.0,neighborhood_median,488,11.73155737704918,18.45680602175225,0.0
repeated_random_cv,1,1,1.0,lot_config_median,488,15.367827868852459,20.4379182917038,0.0
repeated_random_cv,1,1,1.0,hierarchical_median,488,10.989754098360656,17.31000492466144,0.20491803278688525
repeated_random_cv,1,1,1.0,model_based_hgb,488,8.045739581062707,13.174060973799136,
repeated_random_cv,2,1,2.0,global_median,488,16.42622950819672,22.696591063453546,0.0
repeated_random_cv,2,1,2.0,neighborhood_median,488,12.390368852459016,19.390943994978517,0.0
repeated_random_cv,2,1,2.0,lot_config_median,488,15.813524590163935,22.06914432295781,0.0
repeated_random_cv,2,1,2.0,hierarchical_median,488,11.29405737704918,18.163377967226467,0.0
repeated_random_cv,2,1,2.0,model_based_hgb,488,8.401479649548623,13.542571382285784,
repeated_random_cv,3,1,3.0,global_median,488,17.545081967213115,23.208958134843495,0.0
repeated_random_cv,3,1,3.0,neighborhood_median,488,12.596311475409836,19.353749583758173,0.0
repeated_random_cv,3,1,3.0,lot_config_median,488,16.598360655737704,22.15611524213915,0.0
repeated_random_cv,3,1,3.0,hierarchical_median,488,11.470286885245901,18.17113264151164,0.819672131147541
repeated_random_cv,3,1,3.0,model_based_hgb,488,8.631219811568643,13.175485711393701,
repeated_random_cv,4,1,4.0,global_median,488,17.520491803278688,25.48794314772456,0.0
repeated_random_cv,4,1,4.0,neighborhood_median,488,13.64344262295082,23.089277903355068,0.0
repeated_random_cv,4,1,4.0,lot_config_median,488,16.84016393442623,24.64502077865482,0.0
repeated_random_cv,4,1,4.0,hierarchical_median,488,12.54405737704918,21.83853518101567,0.819672131147541
repeated_random_cv,4,1,4.0,model_based_hgb,488,8.361348619878171,15.288595358320608,
repeated_random_cv,5,1,5.0,global_median,488,15.942622950819672,24.02440698846781,0.0
repeated_random_cv,5,1,5.0,neighborhood_median,488,12.555327868852459,22.104492904325515,0.0
repeated_random_cv,5,1,5.0,lot_config_median,488,15.77766393442623,23.76003886194868,0.0
repeated_random_cv,5,1,5.0,hierarchical_median,488,12.454918032786885,21.970499968195057,0.4098360655737705
repeated_random_cv,5,1,5.0,model_based_hgb,488,8.264865536608744,16.157896102071795,
repeated_random_cv,6,2,1.0,global_median,488,16.165983606557376,22.001723106887134,0.0
repeated_random_cv,6,2,1.0,neighborhood_median,488,12.212090163934427,19.259990488226038,0.0
repeated_random_cv,6,2,1.0,lot_config_median,488,15.551229508196721,20.82228668880581,0.0
repeated_random_cv,6,2,1.0,hierarchical_median,488,11.167008196721312,17.328388652113286,0.819672131147541
repeated_random_cv,6,2,1.0,model_based_hgb,488,7.929344661118701,12.27455762591557,
repeated_random_cv,7,2,2.0,global_median,488,17.614754098360656,25.769628838844444,0.0
repeated_random_cv,7,2,2.0,neighborhood_median,488,13.459016393442623,23.126079948199,0.0
repeated_random_cv,7,2,2.0,lot_config_median,488,17.471311475409838,25.63944514885187,0.0
repeated_random_cv,7,2,2.0,hierarchical_median,488,13.008196721311476,22.968282656670727,0.20491803278688525
repeated_random_cv,7,2,2.0,model_based_hgb,488,9.114912137648176,16.83622289475314,
repeated_random_cv,8,2,3.0,global_median,488,16.799180327868854,24.80811607016582,0.0
repeated_random_cv,8,2,3.0,neighborhood_median,488,11.89344262295082,21.344894195022878,0.0
repeated_random_cv,8,2,3.0,lot_config_median,488,15.762295081967213,23.790754506740637,0.0
repeated_random_cv,8,2,3.0,hierarchical_median,488,10.790983606557377,20.12672454682099,1.2295081967213115
repeated_random_cv,8,2,3.0,model_based_hgb,488,8.074480738702741,15.008312093163404,
repeated_random_cv,9,2,4.0,global_median,488,16.799180327868854,23.03311941887018,0.0
repeated_random_cv,9,2,4.0,neighborhood_median,488,12.720286885245901,19.590021820254126,0.0
repeated_random_cv,9,2,4.0,lot_config_median,488,15.961065573770492,22.13024967820454,0.0
repeated_random_cv,9,2,4.0,hierarchical_median,488,11.795081967213115,18.69209638358188,0.4098360655737705
repeated_random_cv,9,2,4.0,model_based_hgb,488,8.522581524942952,14.067272625216257,
repeated_random_cv,10,2,5.0,global_median,488,15.829918032786885,21.02277258624834,0.0
repeated_random_cv,10,2,5.0,neighborhood_median,488,12.442622950819672,18.99608997731453,0.0
repeated_random_cv,10,2,5.0,lot_config_median,488,15.25922131147541,20.188392928026573,0.0
repeated_random_cv,10,2,5.0,hierarchical_median,488,11.563524590163935,17.893755207050198,0.819672131147541
repeated_random_cv,10,2,5.0,model_based_hgb,488,7.796724186514139,11.382931973573859,
repeated_random_cv,11,3,1.0,global_median,488,17.09016393442623,23.324861850134692,0.0
repeated_random_cv,11,3,1.0,neighborhood_median,488,12.559426229508198,19.554778041754783,0.0
repeated_random_cv,11,3,1.0,lot_config_median,488,16.420081967213115,22.717302209376253,0.0
repeated_random_cv,11,3,1.0,hierarchical_median,488,12.140368852459016,19.70074528422969,0.6147540983606558
repeated_random_cv,11,3,1.0,model_based_hgb,488,8.418561612146489,14.335081217559255,
repeated_random_cv,12,3,2.0,global_median,488,15.157786885245901,20.264490868608924,0.0
repeated_random_cv,12,3,2.0,neighborhood_median,488,11.665983606557377,18.172697274469417,0.0
repeated_random_cv,12,3,2.0,lot_config_median,488,14.432377049180328,19.18679745870351,0.0
repeated_random_cv,12,3,2.0,hierarchical_median,488,10.97438524590164,17.36235387173102,0.6147540983606558
repeated_random_cv,12,3,2.0,model_based_hgb,488,7.934030838446605,12.408674911293609,
repeated_random_cv,13,3,3.0,global_median,488,16.46311475409836,22.346654130309354,0.0
repeated_random_cv,13,3,3.0,neighborhood_median,488,12.929303278688524,19.934305528039996,0.0
repeated_random_cv,13,3,3.0,lot_config_median,488,15.64344262295082,21.57972257072616,0.0
repeated_random_cv,13,3,3.0,hierarchical_median,488,12.061475409836065,19.019080152206772,0.0
repeated_random_cv,13,3,3.0,model_based_hgb,488,9.121316614583112,14.615921955166833,
repeated_random_cv,14,3,4.0,global_median,488,16.62090163934426,24.35710250877454,0.0
repeated_random_cv,14,3,4.0,neighborhood_median,488,11.976434426229508,21.274058223072732,0.0
repeated_random_cv,14,3,4.0,lot_config_median,488,16.202868852459016,23.728225566286877,0.0
repeated_random_cv,14,3,4.0,hierarchical_median,488,11.070696721311476,20.366656996500794,0.20491803278688525
repeated_random_cv,14,3,4.0,model_based_hgb,488,8.640164019080746,15.40944037024749,
repeated_random_cv,15,3,5.0,global_median,488,17.87704918032787,26.243734615282502,0.0
repeated_random_cv,15,3,5.0,neighborhood_median,488,13.470286885245901,23.280200287150368,0.0
repeated_random_cv,15,3,5.0,lot_config_median,488,17.2827868852459,25.321943441847647,0.0
repeated_random_cv,15,3,5.0,hierarchical_median,488,12.563524590163935,22.115382970557537,0.4098360655737705
repeated_random_cv,15,3,5.0,model_based_hgb,488,8.289689209274925,15.793762904028448,
repeated_random_cv,16,4,1.0,global_median,488,16.776639344262296,22.72370575585524,0.0
repeated_random_cv,16,4,1.0,neighborhood_median,488,12.876024590163935,20.388227376939135,0.0
repeated_random_cv,16,4,1.0,lot_config_median,488,16.130122950819672,22.131464971919023,0.0
repeated_random_cv,16,4,1.0,hierarchical_median,488,11.967213114754099,19.206625607146997,0.6147540983606558
repeated_random_cv,16,4,1.0,model_based_hgb,488,8.29892978973414,13.166877835228828,
repeated_random_cv,17,4,2.0,global_median,488,16.78688524590164,23.198272264666045,0.0
repeated_random_cv,17,4,2.0,neighborhood_median,488,12.91905737704918,20.326951038574137,0.0
repeated_random_cv,17,4,2.0,lot_config_median,488,15.991803278688524,22.07011925510205,0.0
repeated_random_cv,17,4,2.0,hierarchical_median,488,12.068647540983607,19.190441716612167,0.20491803278688525
repeated_random_cv,17,4,2.0,model_based_hgb,488,8.478406908963937,13.502481856221586,
repeated_random_cv,18,4,3.0,global_median,488,16.596311475409838,22.06125042901701,0.0
repeated_random_cv,18,4,3.0,neighborhood_median,488,12.058401639344263,18.259836221950597,0.0
repeated_random_cv,18,4,3.0,lot_config_median,488,16.401639344262296,21.76184433480901,0.0
repeated_random_cv,18,4,3.0,hierarchical_median,488,11.603483606557377,17.74403905910792,0.6147540983606558
repeated_random_cv,18,4,3.0,model_based_hgb,488,8.550993395925442,14.030167956892164,
repeated_random_cv,19,4,4.0,global_median,488,15.739754098360656,21.52614689162926,0.0
repeated_random_cv,19,4,4.0,neighborhood_median,488,11.579918032786885,18.504623923694776,0.0
repeated_random_cv,19,4,4.0,lot_config_median,488,14.926229508196721,20.6779561091627,0.0
repeated_random_cv,19,4,4.0,hierarchical_median,488,10.530737704918034,17.40530586146499,1.0245901639344261
repeated_random_cv,19,4,4.0,model_based_hgb,488,7.835278407345968,13.364953911378144,
repeated_random_cv,20,4,5.0,global_median,488,17.309426229508198,27.045764190640604,0.0
repeated_random_cv,20,4,5.0,neighborhood_median,488,13.462090163934427,24.592113139958606,0.0
repeated_random_cv,20,4,5.0,lot_config_median,488,16.453893442622952,25.88442748189679,0.0
repeated_random_cv,20,4,5.0,hierarchical_median,488,12.449795081967213,23.524413983746513,0.4098360655737705
repeated_random_cv,20,4,5.0,model_based_hgb,488,8.87742830469339,17.891254718487172,
repeated_random_cv,21,5,1.0,global_median,488,17.639344262295083,24.268900020328925,0.0
repeated_random_cv,21,5,1.0,neighborhood_median,488,13.082991803278688,20.94867116956328,0.0
repeated_random_cv,21,5,1.0,lot_config_median,488,16.947745901639344,23.190840033845472,0.0
repeated_random_cv,21,5,1.0,hierarchical_median,488,12.23155737704918,20.015286166524547,0.819672131147541
repeated_random_cv,21,5,1.0,model_based_hgb,488,8.460055564321557,14.382826396707204,
repeated_random_cv,22,5,2.0,global_median,488,16.540983606557376,24.527084393634293,0.0
repeated_random_cv,22,5,2.0,neighborhood_median,488,12.364754098360656,21.67624578075136,0.0
repeated_random_cv,22,5,2.0,lot_config_median,488,15.85655737704918,23.78162260592182,0.0
repeated_random_cv,22,5,2.0,hierarchical_median,488,11.943647540983607,21.404728392132977,0.4098360655737705
repeated_random_cv,22,5,2.0,model_based_hgb,488,8.632256685674967,15.585742495393836,
repeated_random_cv,23,5,3.0,global_median,488,16.42622950819672,22.471293162464917,0.0
repeated_random_cv,23,5,3.0,neighborhood_median,488,12.005122950819672,19.305686434015357,0.0
repeated_random_cv,23,5,3.0,lot_config_median,488,16.40983606557377,22.450172513850298,0.0
repeated_random_cv,23,5,3.0,hierarchical_median,488,11.655737704918034,18.5861695010379,0.819672131147541
repeated_random_cv,23,5,3.0,model_based_hgb,488,7.8482788948398765,13.046162686286833,
repeated_random_cv,24,5,4.0,global_median,488,15.864754098360656,21.397199908736336,0.0
repeated_random_cv,24,5,4.0,neighborhood_median,488,11.878073770491802,18.343838582325844,0.0
repeated_random_cv,24,5,4.0,lot_config_median,488,14.895491803278688,20.24820372522858,0.0
repeated_random_cv,24,5,4.0,hierarchical_median,488,11.10655737704918,17.80575979752656,1.0245901639344261
repeated_random_cv,24,5,4.0,model_based_hgb,488,7.904170597380592,12.648730929332613,
repeated_random_cv,25,5,5.0,global_median,488,16.737704918032787,24.139536306954078,0.0
repeated_random_cv,25,5,5.0,neighborhood_median,488,13.376024590163935,21.95397336978688,0.0
repeated_random_cv,25,5,5.0,lot_config_median,488,15.742827868852459,22.988559610180445,0.0
repeated_random_cv,25,5,5.0,hierarchical_median,488,11.966188524590164,20.445110943093702,0.0
repeated_random_cv,25,5,5.0,model_based_hgb,488,8.72351079306317,15.339781483301127,
repeated_random_cv,26,6,1.0,global_median,488,17.66188524590164,25.648674589473845,0.0
repeated_random_cv,26,6,1.0,neighborhood_median,488,14.163934426229508,23.542601775518687,0.0
repeated_random_cv,26,6,1.0,lot_config_median,488,16.75922131147541,24.503397639952695,0.0
repeated_random_cv,26,6,1.0,hierarchical_median,488,12.933401639344263,22.368479451022587,0.20491803278688525
repeated_random_cv,26,6,1.0,model_based_hgb,488,8.756970208247782,16.068529519920098,
repeated_random_cv,27,6,2.0,global_median,488,15.979508196721312,24.199647741644345,0.0
repeated_random_cv,27,6,2.0,neighborhood_median,488,12.057377049180328,21.13260727321488,0.0
repeated_random_cv,27,6,2.0,lot_config_median,488,15.549180327868852,23.59772147933765,0.0
repeated_random_cv,27,6,2.0,hierarchical_median,488,11.537909836065573,20.532598531579396,0.4098360655737705
repeated_random_cv,27,6,2.0,model_based_hgb,488,9.067363194634686,16.847598855595475,
repeated_random_cv,28,6,3.0,global_median,488,15.793032786885245,21.88105887988326,0.0
repeated_random_cv,28,6,3.0,neighborhood_median,488,12.149590163934427,19.63446701802642,0.0
repeated_random_cv,28,6,3.0,lot_config_median,488,14.901639344262295,21.04337830510594,0.0
repeated_random_cv,28,6,3.0,hierarchical_median,488,11.25,18.533089592295873,0.4098360655737705
repeated_random_cv,28,6,3.0,model_based_hgb,488,7.908276678663292,13.274414632203857,
repeated_random_cv,29,6,4.0,global_median,488,17.16188524590164,23.092073368561262,0.0
repeated_random_cv,29,6,4.0,neighborhood_median,488,12.01639344262295,18.970317625692832,0.0
repeated_random_cv,29,6,4.0,lot_config_median,488,16.75409836065574,22.45989139135529,0.0
repeated_random_cv,29,6,4.0,hierarchical_median,488,11.673155737704919,18.683803913778494,0.4098360655737705
repeated_random_cv,29,6,4.0,model_based_hgb,488,7.972565981267111,12.466534385553857,
repeated_random_cv,30,6,5.0,global_median,488,16.71516393442623,21.99520253205752,0.0
repeated_random_cv,30,6,5.0,neighborhood_median,488,12.575819672131148,19.15898218488278,0.0
repeated_random_cv,30,6,5.0,lot_config_median,488,16.06045081967213,21.304354303641357,0.0
repeated_random_cv,30,6,5.0,hierarchical_median,488,11.91188524590164,18.2030329845349,0.819672131147541
repeated_random_cv,30,6,5.0,model_based_hgb,488,8.314204270590734,13.712402148634352,
repeated_random_cv,31,7,1.0,global_median,488,16.37704918032787,21.501048392281085,0.0
repeated_random_cv,31,7,1.0,neighborhood_median,488,11.782786885245901,17.55859627870886,0.0
repeated_random_cv,31,7,1.0,lot_config_median,488,15.857581967213115,20.842488425581333,0.0
repeated_random_cv,31,7,1.0,hierarchical_median,488,11.063524590163935,16.805937914330393,1.2295081967213115
repeated_random_cv,31,7,1.0,model_based_hgb,488,7.625547035527025,12.57993261861366,
repeated_random_cv,32,7,2.0,global_median,488,16.932377049180328,25.403102624498835,0.0
repeated_random_cv,32,7,2.0,neighborhood_median,488,13.47233606557377,22.956313196455795,0.0
repeated_random_cv,32,7,2.0,lot_config_median,488,15.90983606557377,24.597914079229977,0.0
repeated_random_cv,32,7,2.0,hierarchical_median,488,12.552254098360656,22.186950177902354,0.0
repeated_random_cv,32,7,2.0,model_based_hgb,488,8.622649915651934,15.980072560944823,
repeated_random_cv,33,7,3.0,global_median,488,17.192622950819672,23.273498613335253,0.0
repeated_random_cv,33,7,3.0,neighborhood_median,488,12.912909836065573,19.964915435850354,0.0
repeated_random_cv,33,7,3.0,lot_config_median,488,16.71926229508197,22.66239211542865,0.0
repeated_random_cv,33,7,3.0,hierarchical_median,488,12.362704918032787,19.53026759824392,0.20491803278688525
repeated_random_cv,33,7,3.0,model_based_hgb,488,9.107127410693096,14.43776075844829,
repeated_random_cv,34,7,4.0,global_median,488,15.42827868852459,20.740443187322622,0.0
repeated_random_cv,34,7,4.0,neighborhood_median,488,11.248975409836065,18.32945034636882,0.0
repeated_random_cv,34,7,4.0,lot_config_median,488,15.342213114754099,20.844663585675832,0.0
repeated_random_cv,34,7,4.0,hierarchical_median,488,11.031762295081966,18.387158629299318,0.20491803278688525
repeated_random_cv,34,7,4.0,model_based_hgb,488,7.96444300343358,13.300389385077223,
repeated_random_cv,35,7,5.0,global_median,488,17.37704918032787,25.625854643884722,0.0
repeated_random_cv,35,7,5.0,neighborhood_median,488,13.34733606557377,23.25298544202901,0.0
repeated_random_cv,35,7,5.0,lot_config_median,488,16.13627049180328,23.872365960611802,0.0
repeated_random_cv,35,7,5.0,hierarchical_median,488,11.834016393442623,20.943473884736882,1.0245901639344261
repeated_random_cv,35,7,5.0,model_based_hgb,488,8.963431229403836,15.968848260689933,
repeated_random_cv,36,8,1.0,global_median,488,17.334016393442624,25.50357576986373,0.0
repeated_random_cv,36,8,1.0,neighborhood_median,488,12.217213114754099,21.833925136934173,0.0
repeated_random_cv,36,8,1.0,lot_config_median,488,17.048155737704917,25.007959798405956,0.0
repeated_random_cv,36,8,1.0,hierarchical_median,488,11.917008196721312,21.283279148464775,0.6147540983606558
repeated_random_cv,36,8,1.0,model_based_hgb,488,8.765736364977837,16.44393404013189,
repeated_random_cv,37,8,2.0,global_median,488,16.959016393442624,25.71956262535085,0.0
repeated_random_cv,37,8,2.0,neighborhood_median,488,13.552254098360656,23.662468120231743,0.0
repeated_random_cv,37,8,2.0,lot_config_median,488,16.05122950819672,24.822360688780883,0.0
repeated_random_cv,37,8,2.0,hierarchical_median,488,12.34733606557377,22.46555879490232,0.819672131147541
repeated_random_cv,37,8,2.0,model_based_hgb,488,9.228025888188533,16.91798632506909,
repeated_random_cv,38,8,3.0,global_median,488,16.672131147540984,22.66071924545449,0.0
repeated_random_cv,38,8,3.0,neighborhood_median,488,12.907786885245901,20.05617112013158,0.0
repeated_random_cv,38,8,3.0,lot_config_median,488,16.24795081967213,22.049822496590476,0.0
repeated_random_cv,38,8,3.0,hierarchical_median,488,11.822745901639344,18.718621284349048,0.4098360655737705
repeated_random_cv,38,8,3.0,model_based_hgb,488,8.238830542144669,13.035089719043714,
repeated_random_cv,39,8,4.0,global_median,488,16.295081967213115,21.108424237031333,0.0
repeated_random_cv,39,8,4.0,neighborhood_median,488,11.942622950819672,17.702169451191246,0.0
repeated_random_cv,39,8,4.0,lot_config_median,488,15.301229508196721,20.238485898787236,0.0
repeated_random_cv,39,8,4.0,hierarchical_median,488,11.50922131147541,17.578701834797737,0.20491803278688525
repeated_random_cv,39,8,4.0,model_based_hgb,488,7.585099822699936,11.891832167913837,
repeated_random_cv,40,8,5.0,global_median,488,15.948770491803279,21.565521586817127,0.0
repeated_random_cv,40,8,5.0,neighborhood_median,488,11.940573770491802,18.492632560465626,0.0
repeated_random_cv,40,8,5.0,lot_config_median,488,15.392418032786885,20.481011297552957,0.0
repeated_random_cv,40,8,5.0,hierarchical_median,488,11.367827868852459,17.560011272822102,0.20491803278688525
repeated_random_cv,40,8,5.0,model_based_hgb,488,7.907885511728569,12.71410799920573,
repeated_random_cv,41,9,1.0,global_median,488,16.491803278688526,22.150750274085933,0.0
repeated_random_cv,41,9,1.0,neighborhood_median,488,11.879098360655737,18.85617479418486,0.0
repeated_random_cv,41,9,1.0,lot_config_median,488,15.729508196721312,21.11832395237314,0.0
repeated_random_cv,41,9,1.0,hierarchical_median,488,11.058401639344263,17.58415072038957,0.6147540983606558
repeated_random_cv,41,9,1.0,model_based_hgb,488,8.313835637951051,14.070507065343344,
repeated_random_cv,42,9,2.0,global_median,488,17.434426229508198,26.99514224667158,0.0
repeated_random_cv,42,9,2.0,neighborhood_median,488,13.091188524590164,24.275453516723903,0.0
repeated_random_cv,42,9,2.0,lot_config_median,488,16.746926229508198,26.2996505462042,0.0
repeated_random_cv,42,9,2.0,hierarchical_median,488,12.319672131147541,23.36662096688,1.0245901639344261
repeated_random_cv,42,9,2.0,model_based_hgb,488,8.95390283370059,17.977438166717068,
repeated_random_cv,43,9,3.0,global_median,488,16.985655737704917,23.488181541599758,0.0
repeated_random_cv,43,9,3.0,neighborhood_median,488,13.52561475409836,21.012766903737823,0.0
repeated_random_cv,43,9,3.0,lot_config_median,488,16.475409836065573,22.997505210384002,0.0
repeated_random_cv,43,9,3.0,hierarchical_median,488,13.471311475409836,23.17102752131296,0.0
repeated_random_cv,43,9,3.0,model_based_hgb,488,8.821044991301743,13.693557004156693,
repeated_random_cv,44,9,4.0,global_median,488,16.28893442622951,21.7906864598948,0.0
repeated_random_cv,44,9,4.0,neighborhood_median,488,12.21311475409836,18.88562967435085,0.0
repeated_random_cv,44,9,4.0,lot_config_median,488,15.514344262295081,20.777756470187686,0.0
repeated_random_cv,44,9,4.0,hierarchical_median,488,11.056352459016393,17.48551801245632,0.0
repeated_random_cv,44,9,4.0,model_based_hgb,488,7.610734633779668,11.64516851213847,
repeated_random_cv,45,9,5.0,global_median,488,16.008196721311474,22.139368539871736,0.0
repeated_random_cv,45,9,5.0,neighborhood_median,488,11.82172131147541,18.99997303708182,0.0
repeated_random_cv,45,9,5.0,lot_config_median,488,15.305327868852459,21.135637296623592,0.0
repeated_random_cv,45,9,5.0,hierarchical_median,488,11.471311475409836,18.48595501419619,0.20491803278688525
repeated_random_cv,45,9,5.0,model_based_hgb,488,7.966128076982739,12.907017309937421,
repeated_random_cv,46,10,1.0,global_median,488,16.100409836065573,21.563811138564354,0.0
repeated_random_cv,46,10,1.0,neighborhood_median,488,12.138319672131148,18.613643528601166,0.0
repeated_random_cv,46,10,1.0,lot_config_median,488,15.325819672131148,20.630780362377372,0.0
repeated_random_cv,46,10,1.0,hierarchical_median,488,11.201844262295081,17.725233818892946,0.819672131147541
repeated_random_cv,46,10,1.0,model_based_hgb,488,8.38471307380436,13.275926575617543,
repeated_random_cv,47,10,2.0,global_median,488,16.639344262295083,24.460825153970475,0.0
repeated_random_cv,47,10,2.0,neighborhood_median,488,12.12704918032787,21.451025998619333,0.0
repeated_random_cv,47,10,2.0,lot_config_median,488,16.37909836065574,23.839327267986484,0.0
repeated_random_cv,47,10,2.0,hierarchical_median,488,11.90266393442623,21.133928416834124,0.6147540983606558
repeated_random_cv,47,10,2.0,model_based_hgb,488,8.218518534839545,15.567396414536029,
repeated_random_cv,48,10,3.0,global_median,488,17.528688524590162,26.276274906287984,0.0
repeated_random_cv,48,10,3.0,neighborhood_median,488,13.843237704918034,24.09415232436095,0.0
repeated_random_cv,48,10,3.0,lot_config_median,488,17.07172131147541,25.738159779837776,0.0
repeated_random_cv,48,10,3.0,hierarchical_median,488,12.875,22.980502248788152,0.819672131147541
repeated_random_cv,48,10,3.0,model_based_hgb,488,8.993600337146768,17.064643083094825,
repeated_random_cv,49,10,4.0,global_median,488,16.42622950819672,22.544582425081895,0.0
repeated_random_cv,49,10,4.0,neighborhood_median,488,12.039959016393443,19.122810064268755,0.0
repeated_random_cv,49,10,4.0,lot_config_median,488,15.554303278688524,21.595041078458912,0.0
repeated_random_cv,49,10,4.0,hierarchical_median,488,11.468237704918034,18.313064739795315,0.0
repeated_random_cv,49,10,4.0,model_based_hgb,488,8.360950580611433,13.789571123107635,
repeated_random_cv,50,10,5.0,global_median,488,16.514344262295083,21.772529315329564,0.0
repeated_random_cv,50,10,5.0,neighborhood_median,488,12.533811475409836,18.57250689312248,0.0
repeated_random_cv,50,10,5.0,lot_config_median,488,15.592213114754099,20.732735262753195,0.0
repeated_random_cv,50,10,5.0,hierarchical_median,488,11.914959016393443,18.15073780282458,0.4098360655737705
repeated_random_cv,50,10,5.0,model_based_hgb,488,8.23151661930479,12.524504129542642,
conditional_masking,1,1,,global_median,408,16.41176470588235,23.590252224170897,0.0
conditional_masking,1,1,,neighborhood_median,408,12.4375,20.954096071099386,0.0
conditional_masking,1,1,,lot_config_median,408,15.464460784313726,22.7469428025558,0.0
conditional_masking,1,1,,hierarchical_median,408,11.306372549019608,19.59516747147863,2.2058823529411766
conditional_masking,1,1,,model_based_hgb,408,9.173633689893043,15.302683007379374,
conditional_masking,2,2,,global_median,408,17.762254901960784,24.865175663652845,0.0
conditional_masking,2,2,,neighborhood_median,408,13.91421568627451,22.122929724786523,0.0
conditional_masking,2,2,,lot_config_median,408,16.375,23.6724482029546,0.0
conditional_masking,2,2,,hierarchical_median,408,12.691176470588236,21.400390549853864,0.9803921568627451
conditional_masking,2,2,,model_based_hgb,408,9.359418213009548,15.461632332075759,
conditional_masking,3,3,,global_median,408,15.901960784313726,21.315441332885563,0.0
conditional_masking,3,3,,neighborhood_median,408,12.762254901960784,19.004192004015593,0.0
conditional_masking,3,3,,lot_config_median,408,14.730392156862745,19.973757292811907,0.0
conditional_masking,3,3,,hierarchical_median,408,12.286764705882353,19.360391393305065,0.9803921568627451
conditional_masking,3,3,,model_based_hgb,408,9.717346930395488,14.726553851912692,
conditional_masking,4,4,,global_median,408,16.100490196078432,22.92800967050957,0.0
conditional_masking,4,4,,neighborhood_median,408,12.6875,20.561198108258644,0.0
conditional_masking,4,4,,lot_config_median,408,15.42156862745098,22.09094393459837,0.0
conditional_masking,4,4,,hierarchical_median,408,11.822303921568627,19.32185151786524,0.24509803921568626
conditional_masking,4,4,,model_based_hgb,408,9.665485857511024,16.139258079776436,
conditional_masking,5,5,,global_median,408,16.416666666666668,22.721998496749233,0.0
conditional_masking,5,5,,neighborhood_median,408,12.428921568627452,20.08352656322306,0.0
conditional_masking,5,5,,lot_config_median,408,15.490196078431373,22.0404040744426,0.0
conditional_masking,5,5,,hierarchical_median,408,10.964460784313726,18.523980880120202,1.4705882352941175
conditional_masking,5,5,,model_based_hgb,408,8.65959541915596,13.798278812953333,
conditional_masking,6,6,,global_median,408,17.485294117647058,25.512492134285132,0.0
conditional_masking,6,6,,neighborhood_median,408,13.1875,22.356527866269712,0.0
conditional_masking,6,6,,lot_config_median,408,16.276960784313726,24.501250468288426,0.0
conditional_masking,6,6,,hierarchical_median,408,11.840686274509803,21.645681768327055,1.9607843137254901
conditional_masking,6,6,,model_based_hgb,408,9.887185076293902,17.278086615225746,
conditional_masking,7,7,,global_median,408,16.88235294117647,23.167442503583832,0.0
conditional_masking,7,7,,neighborhood_median,408,13.428921568627452,20.882491024122313,0.0
conditional_masking,7,7,,lot_config_median,408,15.911764705882353,22.340721634209913,0.0
conditional_masking,7,7,,hierarchical_median,408,11.737745098039216,19.61820008333598,1.715686274509804
conditional_masking,7,7,,model_based_hgb,408,9.040983919560542,15.821891041517482,
conditional_masking,8,8,,global_median,408,16.92156862745098,23.824213255738414,0.0
conditional_masking,8,8,,neighborhood_median,408,13.22671568627451,21.17563400444473,0.0
conditional_masking,8,8,,lot_config_median,408,15.990196078431373,22.75605930942609,0.0
conditional_masking,8,8,,hierarchical_median,408,11.821078431372548,19.78381939373491,1.2254901960784315
conditional_masking,8,8,,model_based_hgb,408,9.437999327960648,16.030994980237985,
conditional_masking,9,9,,global_median,408,16.237745098039216,22.618424729739733,0.0
conditional_masking,9,9,,neighborhood_median,408,12.404411764705882,19.8439376824535,0.0
conditional_masking,9,9,,lot_config_median,408,15.314950980392156,21.55858695667755,0.0
conditional_masking,9,9,,hierarchical_median,408,11.39950980392157,18.646446068363595,0.9803921568627451
conditional_masking,9,9,,model_based_hgb,408,9.388431636352474,14.715566726303308,
conditional_masking,10,10,,global_median,408,16.745098039215687,23.516681605309245,0.0
conditional_masking,10,10,,neighborhood_median,408,13.051470588235293,20.181286225746124,0.0
conditional_masking,10,10,,lot_config_median,408,15.779411764705882,22.12611468334177,0.0
conditional_masking,10,10,,hierarchical_median,408,11.819852941176471,18.77219274853727,1.9607843137254901
conditional_masking,10,10,,model_based_hgb,408,8.910979377472326,14.111444099751433,
conditional_masking,11,11,,global_median,408,16.40686274509804,22.41847977214596,0.0
conditional_masking,11,11,,neighborhood_median,408,12.893382352941176,19.844231023195654,0.0
conditional_masking,11,11,,lot_config_median,408,15.908088235294118,21.792793713591134,0.0
conditional_masking,11,11,,hierarchical_median,408,11.754901960784315,18.656597424262024,1.4705882352941175
conditional_masking,11,11,,model_based_hgb,408,9.470107472504239,14.875524485272305,
conditional_masking,12,12,,global_median,408,15.303921568627452,20.833960774865336,0.0
conditional_masking,12,12,,neighborhood_median,408,11.556372549019608,18.07599019607577,0.0
conditional_masking,12,12,,lot_config_median,408,14.167892156862745,19.70500894318448,0.0
conditional_masking,12,12,,hierarchical_median,408,10.903186274509803,17.196759983251745,0.9803921568627451
conditional_masking,12,12,,model_based_hgb,408,8.309921297618873,12.788016677271017,
conditional_masking,13,13,,global_median,408,16.681372549019606,22.700522581874544,0.0
conditional_masking,13,13,,neighborhood_median,408,12.775735294117647,19.666786099670585,0.0
conditional_masking,13,13,,lot_config_median,408,15.477941176470589,21.15367441312432,0.0
conditional_masking,13,13,,hierarchical_median,408,11.762254901960784,18.2942654145725,1.715686274509804
conditional_masking,13,13,,model_based_hgb,408,9.354468281782598,14.415914402290339,
conditional_masking,14,14,,global_median,408,16.208333333333332,22.11772202219253,0.0
conditional_masking,14,14,,neighborhood_median,408,12.557598039215685,19.43454638362457,0.0
conditional_masking,14,14,,lot_config_median,408,15.426470588235293,21.504331529015356,0.0
conditional_masking,14,14,,hierarchical_median,408,11.253676470588236,18.660850152963892,0.7352941176470588
conditional_masking,14,14,,model_based_hgb,408,9.420899423149233,15.381123400089587,
conditional_masking,15,15,,global_median,408,16.061274509803923,22.470514449114045,0.0
conditional_masking,15,15,,neighborhood_median,408,12.257352941176471,19.61451418380447,0.0
conditional_masking,15,15,,lot_config_median,408,15.495098039215685,21.468855691579893,0.0
conditional_masking,15,15,,hierarchical_median,408,11.420343137254902,18.660685972932296,0.24509803921568626
conditional_masking,15,15,,model_based_hgb,408,9.001254548222057,14.61447460352901,
conditional_masking,16,16,,global_median,408,16.348039215686274,22.359145165882786,0.0
conditional_masking,16,16,,neighborhood_median,408,12.449754901960784,20.01125602372472,0.0
conditional_masking,16,16,,lot_config_median,408,15.08578431372549,21.498460957226957,0.0
conditional_masking,16,16,,hierarchical_median,408,11.213235294117647,18.930859752805528,2.2058823529411766
conditional_masking,16,16,,model_based_hgb,408,8.82248350290142,14.920127390033528,
conditional_masking,17,17,,global_median,408,17.86764705882353,25.283296819030856,0.0
conditional_masking,17,17,,neighborhood_median,408,14.322303921568627,23.041057237623686,0.0
conditional_masking,17,17,,lot_config_median,408,16.941176470588236,24.38395386073294,0.0
conditional_masking,17,17,,hierarchical_median,408,13.018382352941176,21.869502110222346,2.450980392156863
conditional_masking,17,17,,model_based_hgb,408,9.202436675373,15.915131277631383,
conditional_masking,18,18,,global_median,408,17.122549019607842,26.57471893124196,0.0
conditional_masking,18,18,,neighborhood_median,408,13.300245098039216,24.130072869070798,0.0
conditional_masking,18,18,,lot_config_median,408,16.254901960784313,26.15105066685452,0.0
conditional_masking,18,18,,hierarchical_median,408,12.400735294117647,23.46752814957256,2.2058823529411766
conditional_masking,18,18,,model_based_hgb,408,9.83661454711541,18.87028807580916,
conditional_masking,19,19,,global_median,408,16.92156862745098,25.15822478852202,0.0
conditional_masking,19,19,,neighborhood_median,408,13.012254901960784,22.292782178429455,0.0
conditional_masking,19,19,,lot_config_median,408,15.676470588235293,24.006228766881378,0.0
conditional_masking,19,19,,hierarchical_median,408,11.85906862745098,21.280557613768988,1.9607843137254901
conditional_masking,19,19,,model_based_hgb,408,8.774662182388406,16.331400984242034,
conditional_masking,20,20,,global_median,408,17.147058823529413,25.502691130583862,0.0
conditional_masking,20,20,,neighborhood_median,408,12.990196078431373,22.998188334446404,0.0
conditional_masking,20,20,,lot_config_median,408,16.08578431372549,24.187431917115507,0.0
conditional_masking,20,20,,hierarchical_median,408,13.161764705882353,25.352853032010916,0.49019607843137253
conditional_masking,20,20,,model_based_hgb,408,9.141516640491998,15.694787966218849,
